City_ID,City,Country,Lat,Lng,Max Temp,Humidity,Cloudiness,Wind Speed,Current Description
0,Punta Arenas,CL,-53.15,-70.9167,42.8,87,75,4.61,broken clouds
1,San Jeronimo,PE,-11.9472,-75.2829,46.69,81,69,2.35,broken clouds
2,Ternate,ID,0.8,127.4,83.64,74,81,11.14,broken clouds
3,Ormara,PK,25.2088,64.6357,82.51,66,70,10.83,broken clouds
4,Novikovo,RU,51.1537,37.8879,47.68,66,93,7.54,overcast clouds
5,Bredasdorp,ZA,-34.5322,20.0403,48.2,87,0,5.75,clear sky
6,Mataura,NZ,-46.1927,168.8643,57.99,64,51,7.0,broken clouds
7,Magadan,RU,59.5667,150.8,31.66,98,100,4.09,light snow
8,New Norfolk,AU,-42.7826,147.0587,62.01,73,100,5.99,light rain
9,Puerto Ayora,EC,-0.7393,-90.3518,75.0,99,80,3.29,broken clouds
10,Faanui,PF,-16.4833,-151.75,82.35,73,30,9.33,scattered clouds
11,Busselton,AU,-33.65,115.3333,77.0,44,0,1.99,clear sky
12,Tasiilaq,GL,65.6145,-37.6368,23.0,80,90,2.08,overcast clouds
13,Vila Velha,BR,-20.3297,-40.2925,69.8,94,40,3.44,scattered clouds
14,Naze,JP,28.3667,129.4833,68.0,49,75,20.71,broken clouds
15,Katsuura,JP,35.1333,140.3,69.01,39,20,29.93,few clouds
16,Coihaique,CL,-45.5752,-72.0662,49.06,94,100,2.77,overcast clouds
17,Arraial Do Cabo,BR,-22.9661,-42.0278,75.34,81,99,20.42,overcast clouds
18,Nikolskoye,RU,59.7035,30.7861,46.4,42,0,6.71,clear sky
19,Roald,NO,62.5833,6.1333,42.8,56,0,10.36,clear sky
20,Rikitea,PF,-23.1203,-134.9692,77.11,70,26,5.55,scattered clouds
21,Waingapu,ID,-9.6567,120.2641,86.07,62,97,12.21,overcast clouds
22,Sobolevo,RU,54.4299,31.8996,45.36,77,59,14.23,broken clouds
23,Petropavl,KZ,54.8753,69.1628,48.2,57,0,15.66,clear sky
24,Maceio,BR,-9.6658,-35.7353,73.4,100,40,4.61,mist
25,Krasnoselkup,RU,65.7,82.4667,3.6,82,63,16.37,broken clouds
26,Nyurba,RU,63.2842,118.3319,20.66,83,100,10.02,light snow
27,Severo-Yeniseyskiy,RU,60.3725,93.0408,27.3,72,100,13.67,overcast clouds
28,Bluff,NZ,-46.6,168.3333,57.99,64,87,7.0,overcast clouds
29,Arlit,NE,18.7369,7.3853,83.88,7,92,7.34,overcast clouds
30,Muros,ES,42.7762,-9.0603,46.0,90,96,5.68,overcast clouds
31,Hithadhoo,MV,-0.6,73.0833,82.47,62,54,5.5,broken clouds
32,Lompoc,US,34.6391,-120.4579,51.8,87,10,4.61,clear sky
33,Mar Del Plata,AR,-38.0023,-57.5575,66.99,100,75,5.75,broken clouds
34,Rio Gallegos,AR,-51.6226,-69.2181,48.88,61,31,9.62,scattered clouds
35,Port Elizabeth,ZA,-33.918,25.5701,53.6,82,0,3.44,clear sky
36,Carnarvon,AU,-24.8667,113.6333,82.29,44,13,10.58,few clouds
37,Bar Harbor,US,44.3876,-68.2039,37.99,87,90,6.91,overcast clouds
38,Mancora,PE,-4.1078,-81.0475,74.79,74,99,2.13,overcast clouds
39,Norman Wells,CA,65.282,-126.8329,33.8,64,40,2.06,scattered clouds
40,Ulcinj,ME,41.9294,19.2244,48.2,87,90,2.3,overcast clouds
41,Georgetown,MY,5.4112,100.3354,89.6,66,40,4.61,scattered clouds
42,Boca Do Acre,BR,-8.7522,-67.3978,72.01,99,100,1.79,overcast clouds
43,Tuktoyaktuk,CA,69.4541,-133.0374,24.8,80,40,10.36,scattered clouds
44,Provideniya,RU,64.3833,-173.3,26.64,94,52,2.98,broken clouds
45,Pevek,RU,69.7008,170.3133,24.12,78,7,19.95,clear sky
46,Gashua,NG,12.871,11.0482,80.46,10,95,4.5,overcast clouds
47,Vanavara,RU,60.34,102.2797,27.46,58,89,10.04,overcast clouds
48,Kosh-Agach,RU,50.0,88.6667,43.39,26,2,9.53,clear sky
49,Vila,PT,42.0304,-8.1588,53.01,81,0,6.91,clear sky
50,Ushuaia,AR,-54.8,-68.3,50.0,57,40,11.5,scattered clouds
51,Yar-Sale,RU,66.8333,70.8333,9.16,90,69,14.94,broken clouds
52,Mecca,SA,21.4267,39.8261,87.39,33,65,0.81,broken clouds
53,Iskateley,RU,67.6803,53.1512,19.92,82,27,11.34,scattered clouds
54,Hoquiam,US,46.9809,-123.8893,59.0,67,1,3.44,clear sky
55,Lagos,NG,6.5833,3.75,80.6,94,20,2.19,few clouds
56,Hwange,ZW,-18.3693,26.5019,62.94,58,9,7.72,clear sky
57,Zabol,AF,32.25,67.25,66.6,13,2,17.58,clear sky
58,Billings,US,45.7833,-108.5007,48.2,34,75,8.05,broken clouds
59,Sayyan,YE,15.1718,44.3244,65.61,26,44,11.27,scattered clouds
60,Kapaa,US,22.0752,-159.319,71.6,60,20,10.36,few clouds
61,Albany,US,42.6001,-73.9662,41.0,79,95,2.1,overcast clouds
62,Castro,BR,-24.7911,-50.0119,54.88,97,4,2.62,clear sky
63,Tiksi,RU,71.6872,128.8694,10.08,82,100,8.97,overcast clouds
64,Jamestown,US,42.097,-79.2353,44.01,87,90,4.61,overcast clouds
65,Sao Filipe,CV,14.8961,-24.4956,71.44,73,0,8.9,clear sky
66,Erzin,TR,36.9559,36.2,73.0,54,84,1.01,broken clouds
67,Hermanus,ZA,-34.4187,19.2345,71.01,23,0,8.99,clear sky
68,Adrar,MR,20.5022,-10.0711,67.68,29,0,9.19,clear sky
69,Alvaraes,BR,-3.2208,-64.8042,72.5,99,99,2.08,moderate rain
70,Khash,IR,28.2211,61.2158,75.7,14,100,7.61,overcast clouds
71,Grindavik,IS,63.8424,-22.4338,35.6,75,75,13.8,moderate rain
72,Faya,SA,18.3851,42.4509,57.2,67,40,8.05,scattered clouds
73,Tiarei,PF,-17.5333,-149.3333,82.4,69,20,2.3,few clouds
74,Xiaoweizhai,CN,26.1903,107.5125,57.88,96,100,2.66,overcast clouds
75,Deputatskiy,RU,69.3,139.9,16.75,86,100,19.98,overcast clouds
76,Kitale,KE,1.0157,35.0062,69.94,52,57,1.83,broken clouds
77,Victor Harbor,AU,-35.5667,138.6167,64.99,68,83,1.99,broken clouds
78,Hami,CN,42.8,93.45,73.85,9,92,1.43,overcast clouds
79,Abapo,BO,-18.8333,-63.4667,64.87,96,96,2.53,overcast clouds
80,Cape Town,ZA,-33.9258,18.4232,71.01,51,0,8.05,clear sky
81,Butaritari,KI,3.0707,172.7902,81.75,78,99,10.83,moderate rain
82,Tuatapere,NZ,-46.1333,167.6833,57.99,64,91,7.0,overcast clouds
83,Esso,RU,55.9333,158.7,36.5,99,100,3.02,overcast clouds
84,Dikson,RU,73.5069,80.5464,3.31,90,72,5.93,broken clouds
85,Stornoway,GB,58.2093,-6.3865,45.0,93,90,25.32,overcast clouds
86,Avarua,CK,-21.2078,-159.775,77.0,88,61,3.44,broken clouds
87,Nushki,PK,29.5542,66.0215,80.02,12,33,3.85,scattered clouds
88,Leopold,AU,-38.1833,144.4667,66.2,59,90,14.97,overcast clouds
89,Benguela,AO,-12.5763,13.4055,80.08,66,10,4.65,clear sky
90,Lages,BR,-27.8161,-50.3261,52.07,98,79,1.72,broken clouds
91,Port Alfred,ZA,-33.5906,26.891,71.42,26,6,7.49,clear sky
92,East London,ZA,-33.0153,27.9116,55.4,71,0,4.61,clear sky
93,Baltiysk,RU,54.6538,19.911,48.2,87,0,6.71,clear sky
94,Hilo,US,19.7297,-155.09,77.0,61,75,3.44,broken clouds
95,Ponta Do Sol,PT,32.6667,-17.1,55.99,73,70,3.0,broken clouds
96,Cankuzo,BI,-3.1333,30.5833,62.01,93,98,5.44,light rain
97,Luena,AO,-11.7833,19.9167,62.62,79,76,4.94,broken clouds
98,Atuona,PF,-9.8,-139.0333,80.47,74,29,18.97,scattered clouds
99,Guerrero Negro,MX,27.9769,-114.0611,58.05,82,0,16.26,clear sky
100,Hasaki,JP,35.7333,140.8333,70.0,34,75,13.8,broken clouds
101,Maketu,NZ,-37.7667,176.45,62.01,70,46,1.01,scattered clouds
102,Thompson,CA,55.7435,-97.8558,24.8,80,90,10.36,light snow
103,Chute-Aux-Outardes,CA,49.1168,-68.399,33.8,75,90,4.61,overcast clouds
104,Dali,CN,25.7,100.1833,72.5,34,57,7.29,broken clouds
105,Hamilton,US,39.1834,-84.5333,45.0,87,1,5.75,clear sky
106,De-Kastri,RU,51.4667,140.7833,38.95,96,99,5.17,overcast clouds
107,Tigil,RU,57.8,158.6667,36.21,86,100,13.51,overcast clouds
108,Filadelfia,US,39.9523,-75.1638,50.0,66,90,3.44,overcast clouds
109,Labuhan,ID,-6.8844,112.2051,85.08,64,96,5.28,overcast clouds
110,Barrow,US,71.2906,-156.7887,32.0,74,1,11.5,clear sky
111,Aban,RU,56.67,96.06,31.01,68,100,10.04,overcast clouds
112,Saint Anthony,US,45.0205,-93.218,46.4,65,1,3.44,clear sky
113,Coquimbo,CL,-29.9533,-71.3436,57.2,88,90,2.3,overcast clouds
114,Geraldton,AU,-28.7667,114.6,84.2,30,0,18.41,clear sky
115,Fort Saint James,CA,54.4333,-124.25,45.19,86,100,4.07,overcast clouds
116,Hobart,AU,-42.8794,147.3294,62.01,55,75,14.97,broken clouds
117,Ayios Nikolaos,GR,38.4167,23.65,55.0,100,40,1.07,scattered clouds
118,Najran,SA,17.4924,44.1277,75.2,23,0,4.61,clear sky
119,Brownsville,US,25.9018,-97.4975,64.4,77,90,11.5,moderate rain
120,Kruisfontein,ZA,-34.0033,24.7314,69.1,26,3,4.07,clear sky
121,Lavrentiya,RU,65.5833,-171.0,22.64,97,33,3.27,scattered clouds
122,Kalmunai,LK,7.4167,81.8167,87.12,61,99,2.84,overcast clouds
123,Rawson,AR,-43.3002,-65.1023,59.72,91,98,19.01,overcast clouds
124,Lebu,CL,-37.6167,-73.65,54.9,88,99,7.85,overcast clouds
125,Chuy,UY,-33.6971,-53.4616,63.01,89,38,4.68,scattered clouds
126,Severo-Kurilsk,RU,50.6789,156.125,36.18,66,100,13.71,overcast clouds
127,Turka,UA,49.1541,23.0297,41.0,85,100,4.09,overcast clouds
128,Utrecht,NL,52.0,5.25,35.01,93,20,1.01,few clouds
129,Sitka,US,57.0531,-135.33,50.0,66,40,3.44,scattered clouds
130,Ballina,AU,-28.8667,153.5667,73.4,68,79,17.27,broken clouds
131,Antsohihy,MG,-14.8796,47.9875,81.64,75,100,6.91,overcast clouds
132,Amapa,BR,1.0,-52.0,71.53,99,100,2.26,light rain
133,Asau,RO,46.4333,26.4,45.0,50,88,3.83,overcast clouds
134,San Carlos,VE,9.6612,-68.5827,78.73,70,86,1.9,overcast clouds
135,Leningradskiy,RU,69.3833,178.4167,33.15,84,100,7.38,overcast clouds
136,Anadyr,RU,64.75,177.4833,26.6,93,90,11.18,light snow
137,Kalabo,ZM,-14.97,22.6814,63.3,61,43,8.34,scattered clouds
138,Teya,RU,60.3778,92.6267,29.73,79,100,15.08,light snow
139,Victoria,HK,22.2855,114.1577,77.0,71,63,1.01,broken clouds
140,Port Macquarie,AU,-31.4333,152.9167,66.99,71,29,1.01,scattered clouds
141,Venice,US,27.0998,-82.4543,77.0,88,75,8.05,mist
142,Santa Rosa,PH,14.3122,121.1114,90.0,51,92,1.99,overcast clouds
143,Sembe,CG,1.6481,14.5806,72.41,89,100,2.01,overcast clouds
144,Nanakuli,US,21.3906,-158.1547,73.4,64,1,5.75,clear sky
145,Cherskiy,RU,68.75,161.3,32.23,72,100,24.38,overcast clouds
146,Ribeira Grande,PT,38.5167,-28.7,61.47,89,56,12.55,broken clouds
147,Muisne,EC,0.6,-80.0333,76.14,83,98,2.68,overcast clouds
148,Shingu,JP,33.7333,135.9833,60.8,41,40,17.27,scattered clouds
149,Salaberry-De-Valleyfield,CA,45.2501,-74.1325,44.01,87,66,3.22,broken clouds
150,Fairbanks,US,64.8378,-147.7164,48.2,40,1,5.75,clear sky
151,Diapaga,BF,12.0708,1.7889,83.19,49,90,7.02,overcast clouds
152,La Ronge,CA,55.1001,-105.2842,32.0,59,97,6.91,overcast clouds
153,Mporokoso,ZM,-9.3727,30.125,61.47,82,69,10.96,broken clouds
154,Kaeo,NZ,-35.1,173.7833,62.01,78,99,2.33,overcast clouds
155,Ilulissat,GL,69.2167,-51.1,5.0,61,40,19.57,scattered clouds
156,Hurghada,EG,27.2574,33.8129,73.4,18,0,4.61,clear sky
157,Karratha,AU,-20.7377,116.8463,88.25,42,0,16.69,clear sky
158,Cabo San Lucas,MX,22.8909,-109.9124,71.01,66,2,12.62,clear sky
159,Lisburn,GB,54.5234,-6.0353,44.6,87,75,6.91,broken clouds
160,Salalah,OM,17.0151,54.0924,84.2,65,0,4.61,clear sky
161,Pontianak,ID,-0.0333,109.3333,86.0,74,75,4.74,broken clouds
162,Torbay,CA,47.6666,-52.7314,35.01,100,90,13.8,light rain
163,Dingle,PH,10.9995,122.6711,88.29,49,100,16.6,light rain
164,Fortuna,US,40.5982,-124.1573,48.99,100,90,3.27,overcast clouds
165,Ust-Nera,RU,64.5667,143.2,23.67,71,81,21.25,broken clouds
166,Portland,US,45.5234,-122.6762,64.4,42,1,5.75,clear sky
167,Kodiak,US,57.79,-152.4072,41.0,87,90,3.44,light rain
168,Waipawa,NZ,-41.4122,175.5153,60.8,59,7,17.27,clear sky
169,Moen,NO,69.1304,18.6123,33.8,64,89,2.3,overcast clouds
170,San Patricio,US,28.017,-97.5169,62.6,55,90,23.02,overcast clouds
171,Makakilo City,US,21.3469,-158.0858,77.0,64,1,5.75,clear sky
172,Saint-Philippe,RE,-21.3585,55.7679,82.4,73,90,9.22,overcast clouds
173,Urumqi,CN,43.801,87.6005,69.8,28,20,4.47,few clouds
174,Chokurdakh,RU,70.6333,147.9167,22.32,93,85,10.63,light snow
175,Vaini,TO,-21.2,-175.2,75.2,83,40,4.61,scattered clouds
176,Catuday,PH,16.2923,119.8062,82.85,67,56,7.63,broken clouds
177,Mapimi,MX,25.8167,-103.85,60.01,61,3,5.99,clear sky
178,Acarau,BR,-2.8856,-40.12,76.21,89,45,8.95,scattered clouds
179,Bathsheba,BB,13.2167,-59.5167,78.8,65,20,20.71,few clouds
180,Coari,BR,-4.085,-63.1414,71.83,98,92,2.26,light rain
181,Isangel,VU,-19.55,169.2667,78.75,82,82,10.04,broken clouds
182,Iqaluit,CA,63.7506,-68.5145,12.2,73,75,2.3,broken clouds
183,Abu Samrah,SY,35.3029,37.1841,77.45,25,50,0.81,scattered clouds
184,Den Helder,NL,52.9599,4.7593,44.01,93,90,3.44,overcast clouds
185,Kaitangata,NZ,-46.2817,169.8464,59.0,61,65,4.0,broken clouds
186,Zaysan,KZ,47.4667,84.8667,59.36,44,12,11.03,few clouds
187,Northam,GB,51.0333,-4.2167,42.01,1,100,1.99,overcast clouds
188,Saint George,US,37.1041,-113.5841,59.0,17,1,20.71,clear sky
189,Mehamn,NO,71.0357,27.8492,36.19,81,86,15.21,overcast clouds
190,Laguna,US,38.421,-121.4238,69.01,27,0,8.25,clear sky
191,Nabire,ID,-3.3667,135.4833,81.88,77,85,1.36,overcast clouds
192,Broome,US,42.2506,-75.833,43.0,87,90,4.61,overcast clouds
193,Raga,SS,8.4596,25.678,86.61,20,100,2.66,overcast clouds
194,Tingo Maria,PE,-9.2895,-76.0088,68.56,98,100,1.57,overcast clouds
195,Weinan,CN,34.5036,109.5089,72.0,30,0,6.71,clear sky
196,Sault Sainte Marie,CA,46.5168,-84.3333,35.6,75,1,10.36,clear sky
197,Negombo,LK,7.2083,79.8358,87.8,70,40,12.66,scattered clouds
198,Umm Kaddadah,SD,13.6017,26.6876,82.94,7,11,17.85,few clouds
199,Yellowknife,CA,62.456,-114.3525,28.99,80,20,8.05,few clouds
200,Kahului,US,20.8947,-156.47,73.4,83,40,11.5,scattered clouds
201,Upernavik,GL,72.7868,-56.1549,6.15,90,100,10.31,overcast clouds
202,Luganville,VU,-15.5333,167.1667,82.71,75,93,7.18,overcast clouds
203,Lazaro Cardenas,MX,17.9583,-102.2,72.64,73,0,4.09,clear sky
204,Nome,US,64.5011,-165.4064,33.8,69,1,5.68,clear sky
205,Namibe,AO,-15.1961,12.1522,81.72,66,8,4.14,clear sky
206,Tura,IN,25.5198,90.2201,89.76,35,3,6.91,clear sky
207,Margate,GB,51.3813,1.3862,39.99,79,84,1.01,broken clouds
208,Pingdu,CN,36.7844,119.9464,68.0,18,0,8.95,clear sky
209,Ancud,CL,-41.8697,-73.8203,46.99,68,100,14.0,light rain
210,Bongandanga,CD,1.5,21.05,75.78,81,100,3.58,overcast clouds
211,Rio Grande,BR,-32.035,-52.0986,68.23,82,21,8.72,few clouds
212,Maneromango,TZ,-7.1988,38.7848,77.0,88,40,11.5,scattered clouds
213,Qaanaaq,GL,77.484,-69.3632,-1.39,93,100,6.2,overcast clouds
214,Yucca Valley,US,34.1142,-116.4322,60.01,18,4,11.99,clear sky
215,General Roca,AR,-39.0333,-67.5833,55.4,71,0,5.21,clear sky
216,Russell,US,32.3502,-85.1999,64.4,88,75,3.83,broken clouds
217,Wasilla,US,61.5814,-149.4394,53.6,28,1,4.61,clear sky
218,Opuwo,NA,-18.0607,13.84,70.41,43,93,9.08,overcast clouds
219,Verkhoyansk,RU,67.5447,133.385,23.67,78,100,11.41,overcast clouds
220,Clyde River,CA,70.4692,-68.5914,5.0,85,90,12.66,light snow
221,Tabou,CI,4.423,-7.3528,76.96,87,86,4.83,overcast clouds
222,Constitucion,CL,-35.3333,-72.4167,54.05,88,97,2.84,overcast clouds
223,Ostrovnoy,RU,68.0531,39.5131,29.91,75,91,12.37,overcast clouds
224,Nemuro,JP,43.3236,145.575,44.6,93,75,16.11,mist
225,Hervey Bay,AU,-25.2986,152.8535,75.0,70,61,5.01,broken clouds
226,Rodrigues Alves,BR,-7.738,-72.6509,71.46,99,100,2.21,overcast clouds
227,Hauterive,FR,46.0901,3.4459,39.99,70,0,2.3,clear sky
228,Tahta,EG,26.7693,31.5021,69.8,24,0,3.44,clear sky
229,Sri Aman,MY,1.2376,111.4621,77.0,88,40,2.3,moderate rain
230,Potoru,SL,7.5072,-11.4786,74.91,92,100,1.66,overcast clouds
231,Ambunti,PG,-4.2365,142.8448,76.3,96,94,1.1,overcast clouds
232,Bacabal,BR,-4.2917,-44.7917,71.94,97,96,1.92,overcast clouds
233,Eganville,CA,45.5334,-77.0994,41.0,87,75,4.36,broken clouds
234,Rocha,UY,-34.4833,-54.3333,59.27,96,84,3.83,broken clouds
235,Yanam,IN,16.7333,82.2167,91.4,58,40,4.61,scattered clouds
236,Pachino,IT,36.7186,15.0907,50.0,100,75,2.3,broken clouds
237,Oriximina,BR,-1.7656,-55.8661,73.36,96,86,1.88,light rain
238,Scottsboro,US,34.6723,-86.0341,51.01,93,90,4.32,overcast clouds
239,Vila Franca Do Campo,PT,37.7167,-25.4333,60.8,94,75,13.8,broken clouds
240,Petropavlovsk-Kamchatskiy,RU,53.0452,158.6483,48.2,40,100,8.95,overcast clouds
241,Champerico,GT,14.3,-91.9167,66.99,97,66,7.9,broken clouds
242,Merauke,ID,-8.4667,140.3333,78.08,88,100,3.83,light rain
243,Te Anau,NZ,-45.4167,167.7167,52.16,81,90,7.31,overcast clouds
244,Sucua,EC,-2.4667,-78.1667,66.87,96,86,3.49,light rain
245,Olafsvik,IS,64.8945,-23.7142,37.53,66,85,20.62,overcast clouds
246,Bilibino,RU,68.0546,166.4372,24.13,81,4,4.38,clear sky
247,Turayf,SA,31.6725,38.6637,69.8,43,75,4.61,broken clouds
248,Vawkavysk,BY,53.1561,24.4513,44.6,93,100,6.71,overcast clouds
249,Cairns,AU,-16.9167,145.7667,78.01,100,75,8.05,heavy intensity rain
250,Kavaratti,IN,10.5669,72.642,84.27,65,4,4.43,clear sky
251,Port Lincoln,AU,-34.7333,135.8667,66.69,47,36,11.18,scattered clouds
252,Vaitape,PF,-16.5167,-151.75,82.35,73,30,9.31,scattered clouds
253,Saskylakh,RU,71.9167,114.0833,12.74,88,100,13.53,overcast clouds
254,Brae,GB,60.3964,-1.353,42.8,75,8,18.41,clear sky
255,Gasa,PS,31.5,34.4667,86.0,33,2,1.99,clear sky
256,Vestmannaeyjar,IS,63.4427,-20.2734,40.01,57,100,21.47,overcast clouds
257,Khatanga,RU,71.9667,102.5,5.92,86,100,12.66,overcast clouds
258,Aleksandrov Gay,RU,50.147,48.5704,56.79,62,60,9.69,broken clouds
259,Baykit,RU,61.67,96.37,28.85,71,100,10.87,overcast clouds
260,Buraydah,SA,26.326,43.975,73.4,53,0,5.75,clear sky
261,Segou,ML,13.4317,-6.2157,80.71,40,48,5.01,scattered clouds
262,Lorengau,PG,-2.0226,147.2712,84.29,68,66,7.05,broken clouds
263,Loa Janan,ID,-0.583,117.095,81.73,81,100,2.35,overcast clouds
264,Mariental,NA,-24.6333,17.9667,65.5,54,10,5.82,clear sky
265,Nanortalik,GL,60.1432,-45.2371,24.06,53,0,21.34,clear sky
266,Neiafu,TO,-18.65,-173.9833,80.6,74,20,5.75,few clouds
267,Miri,MY,4.4148,114.0089,87.8,70,40,10.36,scattered clouds
268,Tezu,IN,27.9167,96.1667,90.3,32,68,7.67,broken clouds
269,Banda Aceh,ID,5.5577,95.3222,85.75,67,43,8.14,scattered clouds
270,Port-Gentil,GA,-0.7193,8.7815,77.0,94,40,2.59,light rain
271,Panguna,PG,-6.3164,155.4848,75.85,87,98,2.48,moderate rain
272,Kavieng,PG,-2.5744,150.7967,83.84,71,55,7.87,broken clouds
273,Bengkulu,ID,-3.8004,102.2655,83.91,65,92,6.33,overcast clouds
274,Codrington,AU,-38.2667,141.9667,63.18,63,76,15.21,broken clouds
275,Mattru,SL,7.6244,-11.8332,74.8,93,95,1.86,overcast clouds
276,Mahebourg,MU,-20.4081,57.7,80.6,83,75,11.5,light rain
277,Egvekinot,RU,66.3167,-179.1667,27.55,98,100,9.42,snow
278,Uzunovo,RU,54.5386,38.6173,46.69,82,100,4.9,moderate rain
279,Slobodskoy,RU,58.7322,50.1772,35.53,79,55,9.31,broken clouds
280,Yulara,AU,-25.2406,130.9889,75.2,22,0,12.66,clear sky
281,Buckingham,GB,51.9997,-0.9878,33.01,83,100,1.99,overcast clouds
282,Longyearbyen,SJ,78.2186,15.6401,37.4,65,40,23.02,light snow
283,Alofi,NU,-19.0595,-169.9187,78.8,78,3,3.44,clear sky
284,Machala,EC,-3.2667,-79.9667,74.08,87,96,1.07,overcast clouds
285,Balkanabat,TM,39.5108,54.3671,79.41,19,2,12.24,clear sky
286,Berbera,SO,10.4396,45.0143,84.18,68,64,3.42,broken clouds
287,Klaksvik,FO,62.2266,-6.589,44.6,100,100,24.16,mist
288,Moranbah,AU,-22.0016,148.0466,82.92,35,1,13.13,clear sky
289,Prince Rupert,CA,54.3161,-130.3201,53.6,76,1,2.3,clear sky
290,Stryn,NO,61.9045,6.7226,37.99,75,1,5.3,clear sky
291,Shache,CN,38.4167,77.2406,69.17,25,100,1.9,overcast clouds
292,Mildura,AU,-34.2,142.15,68.0,37,75,6.91,broken clouds
293,Atambua,ID,-9.1061,124.8925,82.26,63,87,4.92,overcast clouds
294,Taltal,CL,-25.4,-70.4833,62.89,80,3,2.26,clear sky
295,Honiara,SB,-9.4333,159.95,82.26,84,97,3.49,overcast clouds
296,Kez,RU,57.8979,53.7152,37.65,57,39,11.63,scattered clouds
297,Maturin,VE,9.75,-63.1767,71.38,94,45,4.5,scattered clouds
298,Malartic,CA,48.1335,-78.1328,41.0,81,1,8.05,clear sky
299,Touros,BR,-5.1989,-35.4608,75.2,94,40,3.44,light rain
300,San Ignacio,BZ,17.1561,-89.0714,84.2,79,20,6.91,few clouds
301,Bossangoa,CF,6.4926,17.4552,78.37,63,85,6.8,overcast clouds
302,Mgandu,TZ,-5.95,34.1333,61.66,94,99,8.41,overcast clouds
303,Mnogovershinnyy,RU,53.9353,139.9242,34.21,97,95,3.18,overcast clouds
304,Carangola,BR,-20.7331,-42.0294,63.63,94,93,4.09,overcast clouds
305,Nowogard,PL,53.6744,15.1163,41.0,100,40,5.75,moderate rain
306,Contamana,PE,-7.3333,-75.0167,72.01,99,100,2.08,overcast clouds
307,Lata,PT,40.1629,-8.3327,48.99,93,0,2.3,clear sky
308,Bukoba,TZ,-1.3317,31.8122,66.2,88,20,5.75,light rain
309,Priladozhskiy,RU,59.85,31.4833,44.01,2,7,7.52,clear sky
310,Masuguru,TZ,-11.3667,38.4167,72.01,75,3,8.25,clear sky
311,Huilong,CN,31.8111,121.655,68.0,34,65,3.0,broken clouds
312,Natal,BR,-5.795,-35.2094,75.2,94,75,3.44,broken clouds
313,Katherine,AU,-14.4667,132.2667,89.6,22,62,10.36,broken clouds
314,Airai,TL,-8.9266,125.4092,68.18,72,87,4.07,overcast clouds
315,Rio Grande City,US,26.3798,-98.8203,62.01,76,100,7.2,overcast clouds
316,Bukachacha,RU,52.9833,116.9167,51.31,33,93,11.5,overcast clouds
317,Karakol,KG,42.4907,78.3936,54.77,43,100,7.4,overcast clouds
318,Aksarayskiy,RU,46.7924,48.0119,60.8,55,0,8.95,clear sky
319,Amahai,ID,-3.3333,128.9167,88.0,82,92,1.01,overcast clouds
320,Zhigansk,RU,66.7697,123.3711,19.87,84,100,9.98,light snow
321,Narsaq,GL,60.9167,-46.05,21.2,38,0,4.61,clear sky
322,Challapata,BO,-18.9,-66.7667,45.3,52,0,6.06,clear sky
323,Nara,JP,34.6851,135.8049,60.01,58,75,6.91,broken clouds
324,Herat,AF,34.5,62.0,71.6,23,0,6.91,clear sky
325,Stromness,GB,58.965,-3.296,42.8,87,100,17.27,overcast clouds
326,Abasolo,MX,20.45,-101.5167,68.0,22,1,2.8,clear sky
327,Borovoy,RU,55.4333,86.0833,41.0,42,0,15.66,clear sky
328,Kamaishi,JP,39.2667,141.8833,55.4,44,75,20.71,broken clouds
329,Urucara,BR,-2.5364,-57.76,71.83,98,87,1.68,overcast clouds
330,Price,US,39.5994,-110.8107,33.8,37,1,6.91,clear sky
331,Golden,US,39.7555,-105.2211,36.0,69,1,10.36,clear sky
332,Tanabe,JP,33.7333,135.3667,60.8,41,40,17.27,scattered clouds
333,Jumla,NP,29.2747,82.1838,60.91,36,17,4.76,few clouds
334,Fallon,US,39.4735,-118.7774,46.4,25,1,6.91,clear sky
335,Kailua,US,21.4022,-157.7394,73.4,64,40,11.5,scattered clouds
336,Beloha,MG,-25.1667,45.05,68.16,51,77,13.62,broken clouds
337,Westport,US,41.1415,-73.3579,48.2,61,90,4.61,overcast clouds
338,Perni,GR,41.0011,24.6356,53.01,76,20,4.61,few clouds
339,Honningsvag,NO,70.9821,25.9704,35.8,81,92,21.03,overcast clouds
340,Grand Gaube,MU,-20.0064,57.6608,84.99,72,77,5.01,broken clouds
341,Sao Felix Do Xingu,BR,-6.6447,-51.995,71.1,99,99,1.12,light rain
342,Perevoz,RU,55.5961,44.5446,48.04,58,6,14.65,clear sky
343,Nanning,CN,22.8167,108.3167,68.0,94,90,6.71,overcast clouds
344,Avera,US,33.194,-82.5271,62.6,77,40,5.75,scattered clouds
345,Havelock,US,34.8791,-76.9013,55.99,94,1,2.44,clear sky
346,Abashiri,JP,44.0213,144.2697,48.2,93,75,11.5,mist
347,Palmas Bellas,PA,9.2319,-80.0867,79.0,88,82,3.0,broken clouds
348,Viru,PE,-8.4167,-78.75,70.39,79,91,2.77,overcast clouds
349,Batemans Bay,AU,-35.7167,150.1833,66.99,63,15,4.0,few clouds
350,Bethel,US,41.3712,-73.414,46.4,71,90,4.05,overcast clouds
351,Marquette,US,46.5333,-87.6335,33.01,80,1,4.32,clear sky
352,Hay River,CA,60.8156,-115.7999,35.6,75,92,6.91,overcast clouds
353,Linhares,BR,-19.3911,-40.0722,67.8,95,55,2.26,broken clouds
354,Hailar,CN,49.2,119.7,45.64,68,10,7.9,clear sky
355,Pangody,RU,65.85,74.4859,3.92,90,63,12.88,broken clouds
356,Cosala,MX,24.4125,-106.6908,64.0,95,0,2.75,clear sky
357,Shepsi,RU,44.0361,39.1489,55.81,87,100,5.39,overcast clouds
358,Grootegast,NL,53.2125,6.2736,37.99,100,16,3.44,few clouds
359,Soyo,AO,-6.1349,12.3689,78.91,84,100,5.14,overcast clouds
360,Solnechnyy,RU,50.7214,136.6319,49.46,61,33,4.99,scattered clouds
361,Manicore,BR,-5.8092,-61.3003,73.4,94,75,2.66,broken clouds
362,Balakhninskiy,RU,58.0106,114.2769,21.16,65,100,13.91,overcast clouds
363,Beringovskiy,RU,63.05,179.3167,32.31,98,100,9.48,overcast clouds
364,Lodja,CD,-3.4833,23.4333,72.9,95,100,4.76,overcast clouds
365,Vardo,NO,70.3705,31.1107,35.24,88,60,14.63,broken clouds
366,Talnakh,RU,69.4865,88.3972,-4.27,84,33,4.29,scattered clouds
367,Wuchang,CN,44.9143,127.15,58.46,29,16,8.88,few clouds
368,Hofn,IS,64.2539,-15.2082,43.3,91,100,11.18,overcast clouds
369,Yinchuan,CN,38.4681,106.2731,66.61,17,4,0.45,clear sky
370,Yaroslavskaya,RU,44.6106,40.4642,52.23,88,100,3.04,light rain
371,Bac Lieu,VN,9.285,105.7244,86.85,62,99,11.81,overcast clouds
372,Nouadhibou,MR,20.931,-17.0347,64.4,77,0,18.41,clear sky
373,Puerto Padre,CU,21.195,-76.6028,77.0,78,1,6.91,moderate rain
374,Esperance,AU,-33.8667,121.9,75.2,35,75,6.91,broken clouds
375,Katangli,RU,51.7102,143.2326,34.12,96,92,8.55,overcast clouds
376,Hit,IQ,33.6416,42.8251,85.12,14,11,4.65,few clouds
377,Warrington,GB,53.3925,-2.5802,44.01,90,100,3.74,overcast clouds
378,Helsinki,FI,60.1695,24.9355,45.0,45,0,10.36,clear sky
379,Kaura Namoda,NG,12.5898,6.5779,81.0,36,96,9.1,overcast clouds
380,Heiloo,NL,52.6,4.7,39.0,91,89,4.63,overcast clouds
381,Salinopolis,BR,-0.6136,-47.3561,77.16,87,99,10.27,heavy intensity rain
382,Emerald,AU,-23.5333,148.1667,84.2,34,0,5.75,clear sky
383,Gambissara,SN,13.2382,-14.3108,74.03,74,91,7.05,overcast clouds
384,Campbell River,CA,50.0163,-125.2446,54.0,70,2,2.66,clear sky
385,Poum,NC,-20.2333,164.0167,79.75,71,11,9.53,few clouds
386,Novaya Malykla,RU,54.2,49.95,52.29,44,2,12.44,clear sky
387,Messina,IT,38.1933,15.5497,55.4,87,40,2.3,scattered clouds
388,San Quintin,MX,30.4833,-115.95,56.64,86,0,8.19,clear sky
389,Itoman,JP,26.1247,127.6694,71.6,49,20,24.16,few clouds
390,Alta Floresta,BR,-9.8756,-56.0861,69.24,99,100,2.95,light rain
391,Chisec,GT,15.8167,-90.2833,71.83,94,98,2.98,overcast clouds
392,Qadirpur Ran,PK,30.2924,71.6712,84.2,45,20,7.29,haze
393,Smithers,CA,54.7804,-127.1743,46.4,61,1,4.61,clear sky
394,Ouango,CF,4.3133,22.5552,78.01,71,98,1.97,overcast clouds
395,Ucluelet,CA,48.9329,-125.5528,52.0,72,1,3.29,clear sky
396,Burnie,AU,-41.0667,145.9167,64.99,65,64,8.01,broken clouds
397,Garden City,US,42.3256,-83.331,46.4,76,20,3.44,few clouds
398,Saint-Pierre,RE,-21.3393,55.4781,77.0,73,90,9.22,overcast clouds
399,Marsa Matruh,EG,31.3525,27.2453,75.2,31,0,13.8,clear sky
400,Ulaangom,MN,49.9811,92.0667,50.5,36,2,7.52,clear sky
401,Akyab,MM,20.15,92.9,86.67,55,0,13.31,clear sky
402,Komsomolskiy,UZ,40.4272,71.7189,69.8,23,100,20.71,moderate rain
403,Souillac,MU,-20.5167,57.5167,80.6,83,75,11.5,light rain
404,Lundazi,ZM,-12.2929,33.1782,62.62,83,98,8.75,overcast clouds
405,Porto Novo,BJ,6.4965,2.6036,80.6,89,40,3.44,scattered clouds
406,Asheboro,US,35.7079,-79.8136,55.0,76,90,3.94,overcast clouds
407,Ullapool,GB,57.8987,-5.1604,46.99,70,100,5.01,overcast clouds
408,Conde,BR,-7.2597,-34.9075,73.4,100,75,4.61,broken clouds
409,Palafrugell,ES,41.9174,3.1631,52.0,93,0,1.14,clear sky
410,San Esteban,HN,15.2,-85.75,74.12,85,73,3.36,broken clouds
411,Necochea,AR,-38.5473,-58.7368,61.0,89,89,10.18,light rain
412,Imeni Poliny Osipenko,RU,52.4201,136.4853,53.19,49,28,2.77,scattered clouds
413,Pangnirtung,CA,66.1451,-65.7125,-0.56,82,18,8.08,few clouds
414,Eniwa,JP,42.8779,141.5442,48.2,100,75,14.97,moderate rain
415,Koroni,GR,36.8,21.95,64.0,88,40,6.26,scattered clouds
416,Santa Cruz,BO,-17.8,-63.1667,68.88,94,28,2.24,scattered clouds
417,Boyolangu,ID,-8.1181,111.8935,83.84,70,94,6.33,overcast clouds
418,Bambanglipuro,ID,-7.95,110.2833,84.27,69,79,9.73,broken clouds
419,Turukhansk,RU,65.8167,87.9833,14.67,77,93,9.46,overcast clouds
420,Baruun-Urt,MN,46.6806,113.2792,67.06,11,36,16.89,scattered clouds
421,Tyret Pervaya,RU,53.6703,102.3106,35.31,32,33,7.72,scattered clouds
422,Zhaodong,CN,46.0833,125.9833,57.2,41,0,8.95,clear sky
423,Kamenka,RU,51.3223,42.7678,44.01,96,12,5.75,few clouds
424,Banjar,ID,-8.19,114.9675,87.8,70,20,13.8,few clouds
425,Zhuhai,CN,22.2769,113.5678,77.0,73,40,18.41,scattered clouds
426,Tifton,US,31.4505,-83.5085,62.6,94,75,5.75,light rain
427,Arcot,IN,12.9,79.3333,96.37,34,8,8.93,clear sky
428,Oskemen,KZ,49.9565,82.6119,55.4,38,29,4.47,scattered clouds
429,Basco,PH,20.4487,121.9702,75.61,67,88,34.25,overcast clouds
430,Carutapera,BR,-1.195,-46.02,75.6,91,97,5.17,overcast clouds
431,Boa Vista,BR,2.8197,-60.6733,78.8,78,0,11.5,clear sky
432,Olga,RU,43.7444,135.2892,50.05,55,100,9.69,overcast clouds
433,Igarka,RU,67.4667,86.5833,1.89,78,27,14.5,scattered clouds
434,Kupang,ID,-10.1667,123.5833,85.33,62,83,12.41,broken clouds
435,Vangaindrano,MG,-23.35,47.6,69.87,62,25,8.68,scattered clouds
436,Maragogi,BR,-9.0122,-35.2225,75.07,85,96,1.54,light rain
437,San Joaquin,US,37.9333,-121.3011,68.0,42,1,10.36,clear sky
438,Troy,US,42.6056,-83.1499,46.99,76,90,4.61,overcast clouds
439,Hobyo,SO,5.3505,48.5268,86.31,58,53,11.39,broken clouds
440,Vavuniya,LK,8.7514,80.4971,91.92,49,18,5.23,few clouds
441,Valdivia,CL,-39.8142,-73.2459,48.2,100,0,2.3,clear sky
442,Ugoofaaru,MV,5.6667,73.0,83.89,71,83,8.19,light rain
443,Mount Isa,AU,-20.7333,139.5,86.0,23,1,11.5,clear sky
444,Quatre Cocos,MU,-20.2078,57.7625,84.99,83,75,11.5,light rain
445,Adwa,ET,14.1646,38.8955,73.54,26,90,15.75,overcast clouds
446,Paamiut,GL,61.994,-49.6678,11.93,58,7,9.89,clear sky
447,College,US,64.8569,-147.8028,48.2,46,1,6.91,clear sky
448,Angoche,MZ,-16.2325,39.9086,76.82,65,94,12.15,overcast clouds
449,Guilin,CN,25.2819,110.2864,64.4,94,90,4.47,mist
450,Cockburn Town,TC,21.4612,-71.1419,77.94,86,0,15.28,clear sky
451,Tucuman,AR,-26.8241,-65.2226,71.6,94,75,3.15,broken clouds
452,Eyl,SO,7.9803,49.8164,85.71,57,51,10.76,broken clouds
453,Tautira,PF,-17.7333,-149.15,82.4,69,20,2.3,few clouds
454,Taoudenni,ML,22.6783,-3.9836,74.37,24,0,15.57,clear sky
455,San Cristobal,VE,7.7669,-72.225,66.76,86,89,2.66,overcast clouds
456,Ixtapa,MX,20.7,-105.2,65.39,66,0,3.15,clear sky
457,Mucurapo,TT,10.6667,-61.5333,78.01,83,20,3.44,few clouds
458,Humaita,BR,-7.5061,-63.0208,72.23,98,100,2.44,overcast clouds
459,Sakakah,SA,29.9697,40.2064,75.2,31,0,6.91,clear sky
460,Samarai,PG,-10.6167,150.6667,83.98,74,72,14.85,broken clouds
461,Saint-Joseph,RE,-21.3667,55.6167,77.0,73,90,9.22,overcast clouds
462,San Angelo,US,31.4638,-100.437,46.4,81,90,5.39,overcast clouds
463,Belaya Kholunitsa,RU,58.84,50.8528,36.5,57,59,10.67,broken clouds
464,West Wendover,US,40.7391,-114.0733,44.6,42,1,6.91,clear sky
465,Sumbe,AO,-11.2061,13.8437,79.74,73,65,3.89,broken clouds
466,Santa Barbara,US,34.7333,-120.0343,62.01,93,1,6.42,clear sky
467,Ocampo,MX,21.65,-101.5,57.99,14,1,7.99,clear sky
468,Segovia,ES,41.1667,-4.0,37.0,70,0,3.71,clear sky
469,Tilichiki,RU,60.4667,166.1,28.72,89,42,4.76,scattered clouds
470,Cooma,AU,-36.2333,149.1333,60.8,31,5,8.05,clear sky
471,Birao,CF,10.2849,22.7882,82.2,10,75,5.37,broken clouds
472,Madang,PG,-5.2246,145.7966,76.93,87,100,9.73,light rain
473,Bom Jesus,BR,-9.0744,-44.3586,71.69,78,99,2.77,overcast clouds
474,Sept-Iles,CA,50.2001,-66.3821,30.0,80,20,8.05,few clouds
475,Mercedes,AR,-34.6515,-59.4307,63.0,90,5,6.62,clear sky
476,Teguise,ES,29.0605,-13.564,62.6,72,75,6.91,broken clouds
477,Ramgarh,IN,23.6333,85.5167,91.4,43,40,4.61,haze
478,Port Moresby,PG,-9.4431,147.1797,80.98,82,97,5.39,overcast clouds
479,Balabagan,PH,7.5264,124.1142,86.38,64,100,8.93,overcast clouds
480,Cidreira,BR,-30.1811,-50.2056,69.21,87,82,5.91,broken clouds
481,Vao,NC,-22.6667,167.4833,75.15,78,66,18.34,broken clouds
482,Rovaniemi,FI,66.5,25.7167,37.4,65,0,6.91,clear sky
483,Kongolo,CD,-5.3833,27.0,72.25,86,66,4.32,broken clouds
484,Kuching,MY,1.55,110.3333,82.4,78,40,2.3,scattered clouds
485,Sabha,LY,27.0377,14.4283,78.01,26,96,9.93,overcast clouds
486,Zhashkiv,UA,49.2454,30.1102,44.71,81,97,5.59,overcast clouds
487,Ocos,GT,14.5094,-92.1933,66.99,97,71,6.17,broken clouds
488,Gannan,CN,47.9147,123.5031,63.7,19,0,14.58,clear sky
489,Chenzhou,CN,25.8,113.0333,64.56,89,100,2.71,overcast clouds
490,Sabang,ID,5.8933,95.3214,83.71,72,69,9.13,broken clouds
491,Upington,ZA,-28.4478,21.2561,60.8,67,0,4.61,clear sky
492,Ko Samui,TH,9.5357,99.9357,91.4,62,20,6.91,few clouds
493,Odweyne,SO,9.4092,45.064,77.18,55,16,11.23,few clouds
494,Formosa,AR,-26.1775,-58.1781,66.2,94,0,5.75,clear sky
495,Sisimiut,GL,66.9395,-53.6735,11.35,75,87,16.49,overcast clouds
496,Rabaul,PG,-4.1967,152.1721,84.34,70,77,4.43,moderate rain
497,Ust-Omchug,RU,61.15,149.6333,30.85,81,100,8.88,overcast clouds
498,Ayan,RU,56.45,138.1667,28.72,88,98,4.74,overcast clouds
499,Noumea,NC,-22.2763,166.4572,86.0,54,75,4.61,broken clouds
500,Qaqortoq,GL,60.7167,-46.0333,21.2,38,1,4.61,clear sky
501,Chapais,CA,49.7834,-74.8492,33.8,80,75,4.61,broken clouds
502,Nakamura,JP,32.9833,132.9333,58.05,45,14,12.46,few clouds
503,Bani Walid,LY,31.7566,13.9942,57.99,76,100,9.13,overcast clouds
504,Bonthe,SL,7.5264,-12.505,77.58,86,100,4.74,overcast clouds
505,Tak,TH,16.5833,98.8333,86.0,70,40,5.75,scattered clouds
506,Port Hardy,CA,50.6996,-127.4199,51.8,81,20,3.2,few clouds
507,Banjarmasin,ID,-3.3244,114.591,89.6,58,20,11.5,few clouds
508,Carbondale,US,37.7273,-89.2168,48.2,87,1,3.44,clear sky
509,Vagur,FO,61.4732,-6.8119,45.37,91,100,39.12,overcast clouds
510,Ust-Uda,RU,54.1742,103.0304,33.24,39,19,6.46,few clouds
511,Ushtobe,KZ,45.2514,77.9838,71.24,26,91,7.9,overcast clouds
512,Balabac,PH,7.9868,117.0645,82.04,78,94,13.56,overcast clouds
513,Stawell,AU,-37.05,142.7667,62.56,51,87,8.9,overcast clouds
514,Dzaoudzi,YT,-12.7887,45.2699,78.8,89,75,13.0,moderate rain
515,Ahipara,NZ,-35.1667,173.1667,58.26,68,100,3.91,overcast clouds
516,Luderitz,NA,-26.6481,15.1594,77.25,38,3,6.73,clear sky
517,Sirmaur,IN,24.85,81.3833,98.53,13,8,10.54,clear sky
518,Hovd,MN,48.0056,91.6419,57.78,13,0,10.47,clear sky
519,Nazret,ET,8.55,39.2667,73.92,47,88,8.25,overcast clouds
520,Shimoda,JP,34.6667,138.95,62.6,45,20,18.41,few clouds
521,Riviere-Au-Renard,CA,48.9957,-64.3971,32.0,93,90,6.64,light snow
522,Jardim Do Serido,BR,-6.5844,-36.7744,73.09,84,99,4.12,overcast clouds
523,Desaguadero,PE,-16.5656,-69.0417,40.68,74,0,4.76,clear sky
524,Chipinge,ZW,-20.1883,32.6236,57.83,66,65,4.47,broken clouds
525,Yumen,CN,40.2833,97.2,63.95,7,100,2.13,overcast clouds
526,Kasongo-Lunda,CD,-6.4667,16.8167,72.19,89,94,2.01,overcast clouds
527,Ust-Ordynskiy,RU,52.805,104.7508,37.4,35,0,6.71,clear sky
528,Corinto,GR,37.9407,22.9573,57.99,68,98,2.77,overcast clouds
529,Druzhba,UA,52.0428,33.9453,41.72,86,99,6.24,light rain
530,Praia Da Vitoria,PT,38.7333,-27.0667,59.0,88,20,8.08,few clouds
531,Novosokolniki,RU,56.3463,30.1578,46.22,66,53,10.83,broken clouds
532,Benalla,AU,-36.55,145.9833,68.0,37,8,4.61,clear sky
533,Penon Blanco,MX,24.7897,-104.0369,61.77,24,0,4.47,clear sky
534,Angostura,MX,25.3667,-108.1833,63.0,76,0,1.01,clear sky
535,Bardiyah,LY,31.7561,25.0865,77.02,35,55,5.99,broken clouds
536,Flin Flon,CA,54.7682,-101.865,26.31,81,84,9.89,broken clouds
537,Dudinka,RU,69.4058,86.1778,-6.39,88,42,8.75,scattered clouds
538,Leninskiy,RU,54.2781,37.4558,46.54,76,100,2.35,moderate rain
539,Oistins,BB,13.0667,-59.5333,78.8,65,20,20.71,few clouds
540,Praia,CV,14.9215,-23.5087,68.0,83,20,17.27,few clouds
541,Yablonovo,RU,50.8523,37.3574,44.6,87,75,4.47,broken clouds
542,Kholodnyy,RU,62.7167,147.95,31.48,77,100,17.65,overcast clouds
543,Salamiyah,SY,35.0113,37.0532,78.89,22,40,3.38,scattered clouds
544,Nordby,DK,55.446,8.3979,43.0,87,75,5.75,broken clouds
545,Verkhnyaya Khava,RU,51.8404,39.9413,44.6,100,16,2.24,mist
546,Dovbysh,UA,50.3733,27.9874,42.75,84,18,6.96,few clouds
547,The Valley,AI,18.217,-63.0578,79.0,87,0,5.01,clear sky
548,Blacksburg,US,37.2296,-80.4139,44.01,87,1,2.26,clear sky
549,Corpus Christi,US,27.8006,-97.3964,62.6,55,90,23.02,overcast clouds
550,Rostusa,MK,41.61,20.6,41.0,93,75,2.98,broken clouds
551,Cabras,IT,39.93,8.5314,46.0,91,90,7.0,moderate rain
552,Yorkton,CA,51.2167,-102.4677,42.8,61,40,18.41,light rain
553,Sinazongwe,ZM,-17.2614,27.4618,69.1,57,100,9.53,overcast clouds
554,Kathmandu,NP,27.7167,85.3167,77.0,31,20,13.8,few clouds
555,Lima,PE,-12.0432,-77.0282,68.0,82,0,9.22,clear sky
556,Wahpeton,US,46.2652,-96.6059,37.99,70,1,5.75,clear sky
557,San Fernando,PH,15.0286,120.6898,96.8,36,75,11.5,broken clouds
558,Sena Madureira,BR,-9.0656,-68.6569,70.83,92,100,2.24,overcast clouds
559,Valreas,FR,44.3837,4.9908,46.99,57,0,13.8,clear sky
560,Maniitsoq,GL,65.4167,-52.9,5.72,74,41,16.55,scattered clouds
561,Manzhouli,CN,49.6,117.4333,66.69,18,57,19.15,broken clouds
562,Ovsyanka,RU,55.9575,92.5519,35.6,44,0,8.95,clear sky
563,Male,MV,4.1748,73.5089,87.8,79,75,8.05,broken clouds
564,Kaspiyskiy,RU,45.3929,47.3707,58.33,73,100,8.28,overcast clouds
565,Naron,ES,43.5167,-8.1528,45.0,100,0,5.75,clear sky
566,Kudahuvadhoo,MV,2.6708,72.8944,83.25,64,66,8.1,broken clouds
567,Moron,AR,-34.6534,-58.6198,69.01,98,6,1.01,clear sky
568,Freeport,US,40.6576,-73.5832,50.0,57,90,3.44,overcast clouds
569,Cap Malheureux,MU,-19.9842,57.6142,84.99,72,79,5.01,broken clouds
570,Gaoua,BF,10.2992,-3.2508,78.22,64,83,5.86,broken clouds
571,Inverness,GB,57.4791,-4.224,45.0,70,100,5.28,moderate rain
572,Goslar,DE,51.9043,10.4277,44.01,84,100,1.01,overcast clouds
573,Esil,KZ,51.9556,66.4042,61.97,46,17,11.56,few clouds
574,Mago,RU,53.2514,140.1822,42.6,85,99,3.2,overcast clouds
575,Husavik,IS,66.0449,-17.3389,39.2,70,90,18.41,overcast clouds
576,Waiuku,NZ,-37.25,174.75,61.0,82,90,24.16,overcast clouds
577,Coruripe,BR,-10.1256,-36.1756,75.52,83,87,4.14,overcast clouds
578,Mahajanga,MG,-15.7167,46.3167,78.8,83,40,6.91,scattered clouds
579,Panjab,AF,34.388,67.0233,43.52,34,7,5.14,clear sky
580,Tabas,IR,33.5959,56.9244,78.51,16,100,2.89,overcast clouds
581,Matara,LK,5.9485,80.5353,81.99,76,100,4.85,overcast clouds
582,Urubicha,BO,-15.3833,-62.95,70.45,99,53,0.47,broken clouds
583,Hargeysa,SO,9.56,44.065,76.53,51,22,12.01,few clouds
584,Topolovgrad,BG,42.0833,26.3333,48.0,81,90,9.22,overcast clouds
585,Micheweni,TZ,-4.9667,39.8333,78.73,86,100,15.1,moderate rain
586,Nador,MA,35.174,-2.9287,55.4,88,0,4.61,clear sky
587,Jackson,US,42.4165,-122.8345,66.2,26,1,10.36,clear sky
588,Moree,AU,-29.4667,149.85,71.6,28,0,17.27,clear sky
589,Batagay,RU,67.6333,134.6333,22.66,88,100,7.25,light snow
590,Ornskoldsvik,SE,63.2909,18.7153,37.4,75,8,4.61,clear sky
591,Okhotsk,RU,59.3833,143.3,30.52,89,99,5.73,overcast clouds
592,Foz,ES,43.5692,-7.2544,37.0,100,58,3.0,broken clouds
593,Galle,LK,6.0367,80.217,84.92,64,98,5.68,overcast clouds
594,Orlik,RU,52.5178,99.825,33.71,31,60,6.13,broken clouds
595,Los Llanos De Aridane,ES,28.6585,-17.9182,66.2,63,75,10.36,broken clouds
596,Celestun,MX,20.8667,-90.4,79.86,80,25,8.46,scattered clouds
597,Grand-Santi,GF,4.25,-54.3833,69.33,99,84,1.74,broken clouds
598,Niquero,CU,20.0431,-77.5828,77.09,82,0,10.29,clear sky
599,Neuquen,AR,-38.9516,-68.0591,55.4,71,0,5.26,light rain
600,Meadow Lake,US,34.8014,-106.5436,45.0,60,90,19.57,light rain
601,Pangkalanbuun,ID,-2.6833,111.6167,87.89,57,92,5.03,light rain
602,Belmonte,BR,-15.8631,-38.8828,69.8,94,0,3.44,clear sky
603,Kutum,SD,14.2,24.6667,76.44,9,64,12.59,broken clouds
604,Atocha,BO,-20.9333,-66.2333,43.65,60,1,4.14,clear sky
605,Srednekolymsk,RU,67.45,153.6833,33.39,95,67,13.11,broken clouds
606,Aitape,PG,-3.1374,142.3475,82.56,76,79,4.0,broken clouds
607,Aasiaat,GL,68.7098,-52.8699,-5.48,96,97,9.8,overcast clouds
608,Manjacaze,MZ,-24.7117,33.8828,66.7,72,62,0.27,broken clouds
609,Nassau,US,40.7507,-73.5829,50.0,57,90,3.44,overcast clouds
610,Kuldiga,LV,56.974,21.9572,46.4,61,0,9.22,clear sky
611,Corrente,BR,-3.7367,-43.3394,71.62,98,93,1.43,moderate rain
612,Ambikapur,IN,23.1167,83.2,98.26,12,17,11.16,few clouds
613,Pallasovka,RU,50.05,46.8833,56.1,48,45,10.89,scattered clouds
614,Saint-Junien,FR,45.8833,0.9,41.0,65,0,9.22,clear sky
615,Fukue,JP,32.6881,128.8419,59.0,58,40,14.97,scattered clouds
616,Itarema,BR,-2.9248,-39.9167,75.67,90,49,7.85,scattered clouds
617,Balykshi,KZ,47.0667,51.8667,64.4,52,40,4.47,scattered clouds
618,Troitskoye,RU,52.9821,84.6757,44.33,52,100,10.33,overcast clouds
619,Bo Rai,TH,12.5728,102.5371,91.99,58,20,11.5,few clouds
620,Takoradi,GH,4.8845,-1.7554,79.43,83,96,6.06,overcast clouds
621,Kirakira,SB,-10.4544,161.9205,82.58,79,100,6.85,overcast clouds
622,Puerto Carreno,CO,6.189,-67.4859,78.48,75,87,4.18,overcast clouds
623,Tefe,BR,-3.3542,-64.7114,72.7,99,99,2.28,light rain
624,Yamethin,MM,20.4333,96.15,97.16,27,3,5.17,clear sky
625,Mayumba,GA,-3.432,10.6554,78.55,88,100,2.73,overcast clouds
626,Marzuq,YE,14.4,46.4667,80.51,16,10,1.74,clear sky
627,Dakar,SN,14.6937,-17.4441,66.2,94,0,6.91,clear sky
628,Tomatlan,MX,19.9333,-105.25,63.77,86,0,2.66,clear sky
629,Podosinovets,RU,60.2776,47.0659,37.35,50,76,10.65,broken clouds
630,Vitim,RU,59.4511,112.5578,21.16,72,96,10.47,overcast clouds
631,Ngunguru,NZ,-35.6167,174.5,62.01,78,100,7.0,overcast clouds
632,Marsh Harbour,BS,26.5412,-77.0636,75.9,80,6,10.76,clear sky
633,Beira,MZ,-19.8436,34.8389,68.0,94,75,9.62,light rain
634,Peace River,CA,56.2501,-117.286,37.4,81,90,17.27,overcast clouds
635,Half Moon Bay,US,37.4636,-122.4286,54.0,76,1,4.61,clear sky
636,Yasenskaya,RU,46.3592,38.269,45.93,91,100,8.81,light rain
637,Riyadh,SA,24.6877,46.7219,75.2,25,0,4.61,clear sky
638,Fougamou,GA,-1.2154,10.5838,74.97,95,100,1.7,overcast clouds
639,Whitehorse,CA,60.7161,-135.0538,42.8,49,1,6.91,clear sky
640,Charagua,BO,-19.8,-63.2167,64.69,95,20,3.38,few clouds
641,Yefremov,RU,53.1481,38.0992,43.34,85,63,3.44,broken clouds
642,Bulgan,MN,48.8125,103.5347,43.84,44,11,10.33,few clouds
643,Nuuk,GL,64.1835,-51.7216,15.8,57,90,19.57,overcast clouds
644,Bressuire,FR,46.9167,-0.5,34.0,88,49,5.68,scattered clouds
645,Kodinar,IN,20.7903,70.7031,94.35,33,0,8.61,clear sky
646,Yerbogachen,RU,61.2767,108.0108,21.54,57,81,11.63,broken clouds
647,Bauchi,NG,10.5,10.0,77.59,50,94,2.57,overcast clouds
648,Newbury,GB,51.4003,-1.3206,33.01,88,97,1.99,overcast clouds
649,Lodi,US,38.1302,-121.2725,66.99,42,1,10.36,clear sky
650,Erenhot,CN,43.6475,111.9767,66.43,6,20,19.86,few clouds
651,Port Hedland,AU,-20.3167,118.5667,89.6,35,0,18.41,clear sky
652,Taicheng,CN,38.731,113.228,63.52,10,0,7.72,clear sky
653,Jinchang,CN,38.4953,102.1739,63.86,10,99,7.72,overcast clouds
654,Saldanha,ZA,-33.0117,17.9442,60.8,41,0,7.85,clear sky
655,Aykhal,RU,66.0,111.5,8.19,85,100,15.77,overcast clouds
656,Nioro,GM,13.35,-15.75,75.13,38,100,2.53,overcast clouds
657,Kyrksaeterora,NO,63.2906,9.0891,41.0,75,0,12.66,clear sky
